               epoch,      train/box_loss,      train/obj_loss,      train/cls_loss,   metrics/precision,      metrics/recall,     metrics/mAP_0.5,metrics/mAP_0.5:0.95,        val/box_loss,        val/obj_loss,        val/cls_loss,               x/lr0,               x/lr1,               x/lr2
                   0,            0.087481,            0.028315,            0.045575,            0.037553,             0.41408,            0.036848,           0.0078754,            0.044908,            0.025034,            0.031947,             0.00098,             0.00098,             0.09118
                   1,            0.058585,            0.024295,            0.039613,             0.46711,             0.53042,             0.25211,            0.058302,             0.04384,            0.015214,            0.031193,             0.00197,             0.00197,             0.08227
                   2,            0.055217,            0.018574,             0.03859,             0.63719,             0.56025,             0.43586,             0.18377,            0.034313,            0.012064,            0.027991,           0.0029599,           0.0029599,             0.07336
                   3,            0.049946,            0.015622,            0.034499,             0.53979,             0.63251,              0.4307,             0.15377,            0.037611,            0.010782,            0.023656,           0.0039498,           0.0039498,             0.06445
                   4,            0.047094,            0.014361,            0.030544,             0.72561,             0.69528,             0.64816,             0.30133,            0.027844,           0.0095835,              0.0207,           0.0049395,           0.0049395,             0.05554
                   5,            0.049676,            0.014003,            0.027247,             0.60907,             0.72644,             0.58758,              0.1728,            0.035376,           0.0092214,            0.014252,           0.0059291,           0.0059291,            0.046629
                   6,            0.047052,            0.013004,            0.020581,             0.85707,             0.67046,             0.69874,             0.32163,            0.029297,           0.0091881,            0.011134,           0.0069185,           0.0069185,            0.037718
                   7,            0.044226,            0.012738,            0.020626,             0.91627,             0.66704,             0.77017,             0.41704,            0.027745,           0.0095582,            0.010456,           0.0079076,           0.0079076,            0.028808
                   8,             0.04403,            0.012571,            0.017881,             0.65039,             0.82898,             0.81706,             0.37357,            0.029524,           0.0085119,           0.0091903,           0.0088965,           0.0088965,            0.019896
                   9,            0.043249,            0.012327,            0.016333,             0.77055,             0.91908,             0.87138,             0.46371,            0.028057,           0.0082941,            0.007094,           0.0098851,           0.0098851,            0.010985
                  10,            0.039712,            0.011889,            0.015201,             0.81943,              0.8338,             0.88978,             0.48528,            0.024966,           0.0085251,           0.0074987,           0.0099938,           0.0099938,           0.0099938
                  11,            0.037372,            0.011645,            0.014754,              0.8563,             0.86252,             0.90252,              0.5061,            0.024207,           0.0079663,           0.0069871,           0.0099938,           0.0099938,           0.0099938
                  12,            0.037536,            0.011379,            0.014253,             0.86175,             0.91947,             0.91504,             0.56764,            0.021455,           0.0078023,           0.0059075,           0.0099925,           0.0099925,           0.0099925
                  13,            0.034656,            0.011475,            0.012638,             0.88531,             0.87689,              0.9153,              0.5314,               0.023,             0.00828,           0.0058842,           0.0099911,           0.0099911,           0.0099911
                  14,            0.033173,            0.011132,            0.012229,             0.94883,              0.9256,             0.98001,              0.5592,             0.02148,           0.0079178,           0.0037192,           0.0099896,           0.0099896,           0.0099896
                  15,            0.033382,            0.011073,            0.011427,              0.9229,             0.92259,             0.93002,             0.55382,            0.021809,           0.0072796,           0.0041832,           0.0099879,           0.0099879,           0.0099879
                  16,            0.032735,             0.01097,            0.011776,             0.92839,             0.87573,             0.94022,             0.56526,            0.021547,            0.007626,           0.0054811,           0.0099861,           0.0099861,           0.0099861
                  17,             0.03139,            0.011109,            0.011445,             0.90369,             0.93097,              0.9501,             0.58965,            0.020595,           0.0074693,            0.004582,           0.0099842,           0.0099842,           0.0099842
                  18,            0.031232,            0.010751,            0.010569,             0.91168,              0.9744,             0.96873,              0.6162,            0.020669,           0.0072659,           0.0033596,           0.0099822,           0.0099822,           0.0099822
                  19,            0.031034,            0.010891,            0.010366,             0.86834,             0.87856,             0.92446,             0.55251,            0.020354,           0.0075496,           0.0059276,             0.00998,             0.00998,             0.00998
                  20,            0.030196,            0.010529,            0.010226,             0.94694,             0.96443,             0.96796,             0.63896,            0.019051,            0.007339,           0.0030277,           0.0099778,           0.0099778,           0.0099778
                  21,            0.030361,            0.010326,            0.010499,             0.96341,             0.93656,             0.96865,             0.60837,            0.021423,           0.0073955,           0.0035057,           0.0099753,           0.0099753,           0.0099753
                  22,            0.029278,            0.010408,            0.010508,             0.92602,             0.97059,              0.9716,             0.60616,            0.019812,           0.0070614,           0.0034951,           0.0099728,           0.0099728,           0.0099728
                  23,            0.029301,            0.010339,           0.0090587,             0.92459,             0.93689,              0.9613,             0.64135,            0.019072,           0.0070776,           0.0039911,           0.0099702,           0.0099702,           0.0099702
                  24,            0.028518,            0.010159,           0.0089103,             0.96462,             0.94538,               0.974,             0.62883,            0.018854,            0.007342,           0.0027752,           0.0099674,           0.0099674,           0.0099674
                  25,            0.028871,            0.010188,           0.0096745,             0.93761,             0.96523,             0.97599,             0.64099,            0.019719,           0.0069612,           0.0029956,           0.0099645,           0.0099645,           0.0099645
                  26,            0.027706,           0.0099774,           0.0086857,             0.93101,             0.95713,             0.96056,             0.62153,            0.018456,           0.0071007,           0.0034953,           0.0099615,           0.0099615,           0.0099615
                  27,            0.028468,           0.0097562,           0.0094101,             0.97321,             0.97264,             0.98532,             0.64516,            0.019223,           0.0068045,           0.0023542,           0.0099584,           0.0099584,           0.0099584
                  28,            0.027849,            0.010402,           0.0094933,              0.9531,             0.94443,              0.9701,             0.65298,            0.018736,           0.0068248,           0.0027305,           0.0099551,           0.0099551,           0.0099551
                  29,            0.027477,            0.010073,            0.007801,             0.96016,             0.97002,             0.98233,             0.67245,            0.017008,           0.0066229,           0.0022734,           0.0099517,           0.0099517,           0.0099517
                  30,            0.026676,           0.0094429,           0.0081764,             0.95249,             0.94546,             0.95996,             0.64985,            0.017047,           0.0066532,           0.0031871,           0.0099482,           0.0099482,           0.0099482
                  31,            0.026996,           0.0099214,           0.0081691,             0.94187,             0.96818,             0.97294,             0.65078,            0.017399,           0.0068018,           0.0025549,           0.0099446,           0.0099446,           0.0099446
                  32,            0.026355,           0.0096856,           0.0086533,             0.96485,             0.94488,             0.97724,             0.67837,            0.017443,           0.0065085,           0.0037187,           0.0099409,           0.0099409,           0.0099409
                  33,             0.02679,            0.010104,           0.0075718,             0.94328,             0.97718,             0.98275,             0.65818,            0.017901,             0.00669,           0.0022913,            0.009937,            0.009937,            0.009937
                  34,            0.026542,           0.0097662,           0.0081891,             0.97552,             0.96432,             0.98895,             0.66388,            0.017527,           0.0066151,           0.0020473,            0.009933,            0.009933,            0.009933
                  35,             0.02656,           0.0096006,           0.0075547,             0.95362,             0.97992,             0.98313,              0.6528,            0.018185,           0.0066542,           0.0026276,           0.0099289,           0.0099289,           0.0099289
                  36,             0.02595,           0.0096536,           0.0075682,             0.94623,             0.97461,             0.97962,             0.65595,            0.018047,           0.0065953,            0.002549,           0.0099246,           0.0099246,           0.0099246
                  37,            0.026294,           0.0097209,           0.0075697,             0.95153,              0.9699,             0.98039,             0.66749,            0.017259,           0.0064997,           0.0024161,           0.0099203,           0.0099203,           0.0099203
                  38,            0.025952,           0.0094256,           0.0075339,             0.97251,             0.97001,             0.98661,             0.66594,            0.017077,           0.0066736,           0.0024124,           0.0099158,           0.0099158,           0.0099158
                  39,             0.02536,           0.0096483,           0.0076756,             0.96278,             0.95402,             0.98166,             0.67206,            0.017415,           0.0064148,           0.0024087,           0.0099112,           0.0099112,           0.0099112
                  40,            0.025189,           0.0095363,           0.0068429,             0.96069,             0.97047,             0.98508,             0.67974,            0.016914,           0.0065704,           0.0020206,           0.0099065,           0.0099065,           0.0099065
                  41,            0.025441,           0.0096182,           0.0075026,             0.95126,             0.98166,             0.98685,             0.67917,            0.016613,           0.0065743,           0.0021207,           0.0099017,           0.0099017,           0.0099017
                  42,            0.025571,           0.0092588,           0.0071647,             0.97598,             0.96509,              0.9848,             0.67781,             0.01671,           0.0066034,           0.0024388,           0.0098967,           0.0098967,           0.0098967
                  43,             0.02491,           0.0096147,           0.0075582,             0.95422,             0.94734,             0.97529,             0.68764,            0.016416,           0.0064046,           0.0025646,           0.0098916,           0.0098916,           0.0098916
                  44,            0.025273,           0.0095554,           0.0066348,             0.96538,             0.93431,             0.97918,             0.68116,            0.017002,           0.0065365,           0.0024134,           0.0098864,           0.0098864,           0.0098864
                  45,            0.024734,           0.0093391,           0.0073755,             0.92607,             0.95131,              0.9677,             0.65671,            0.017535,           0.0064928,           0.0038005,           0.0098811,           0.0098811,           0.0098811
                  46,            0.025285,            0.009329,           0.0069807,             0.97314,             0.95712,             0.96939,              0.6818,            0.016891,           0.0064079,           0.0023441,           0.0098757,           0.0098757,           0.0098757
                  47,            0.024892,           0.0092088,           0.0065472,             0.97245,             0.94873,             0.98075,             0.68534,            0.016016,           0.0064905,           0.0024628,           0.0098701,           0.0098701,           0.0098701
                  48,            0.024552,            0.009184,           0.0068148,             0.94546,              0.9823,             0.98554,             0.70522,            0.017113,           0.0062432,           0.0021077,           0.0098644,           0.0098644,           0.0098644
                  49,            0.025392,           0.0093265,           0.0073137,             0.94285,             0.96784,             0.98103,             0.67995,            0.017445,           0.0065752,           0.0023628,           0.0098586,           0.0098586,           0.0098586
                  50,            0.024632,           0.0094666,           0.0069891,             0.94089,             0.97469,             0.98164,             0.68795,             0.01625,           0.0063919,           0.0023969,           0.0098527,           0.0098527,           0.0098527
                  51,            0.024584,           0.0093182,           0.0068691,             0.96209,             0.94516,             0.97442,             0.68279,            0.016298,           0.0064024,           0.0026238,           0.0098467,           0.0098467,           0.0098467
                  52,             0.02456,           0.0094109,           0.0066341,             0.94773,              0.9717,             0.97402,             0.68211,            0.016504,           0.0063804,           0.0025767,           0.0098405,           0.0098405,           0.0098405
                  53,            0.024063,           0.0091537,           0.0067411,             0.97386,               0.949,             0.97759,             0.67834,            0.016545,           0.0062734,           0.0025697,           0.0098342,           0.0098342,           0.0098342
                  54,             0.02457,           0.0093297,           0.0070714,             0.98554,              0.9628,             0.98467,             0.69675,            0.016016,           0.0063675,           0.0020509,           0.0098278,           0.0098278,           0.0098278
                  55,            0.023567,            0.009057,           0.0062627,             0.95814,             0.97136,              0.9798,             0.69952,             0.01571,            0.006202,           0.0021197,           0.0098213,           0.0098213,           0.0098213
                  56,            0.023888,           0.0089481,           0.0066089,             0.96206,             0.95111,             0.97916,             0.68531,            0.016132,           0.0063187,           0.0024483,           0.0098147,           0.0098147,           0.0098147
                  57,            0.024056,           0.0090729,           0.0067236,             0.98955,             0.94301,             0.98567,             0.70257,            0.015318,           0.0061837,           0.0019613,           0.0098079,           0.0098079,           0.0098079
                  58,            0.024004,           0.0089483,           0.0062511,             0.97208,             0.94487,             0.97693,             0.69216,            0.015383,           0.0062343,           0.0025083,           0.0098011,           0.0098011,           0.0098011
                  59,            0.023739,           0.0091435,           0.0070816,             0.94075,             0.96427,             0.97442,             0.69682,            0.015679,           0.0061796,           0.0027033,           0.0097941,           0.0097941,           0.0097941
                  60,            0.024381,           0.0093161,           0.0060842,             0.94826,             0.98747,              0.9844,             0.69613,            0.015981,           0.0065696,           0.0019939,            0.009787,            0.009787,            0.009787
                  61,            0.023797,           0.0091863,            0.006618,             0.95818,             0.93419,             0.95916,             0.67623,            0.015828,           0.0063342,           0.0033776,           0.0097798,           0.0097798,           0.0097798
                  62,            0.024094,            0.009133,           0.0065506,             0.94146,             0.95955,             0.98099,             0.68843,            0.015683,           0.0064651,           0.0022052,           0.0097724,           0.0097724,           0.0097724
                  63,            0.023487,           0.0092837,           0.0061486,             0.96529,              0.9527,             0.97872,             0.69957,             0.01571,           0.0063055,            0.002576,            0.009765,            0.009765,            0.009765
                  64,            0.023651,           0.0091788,           0.0061236,             0.94843,             0.96392,             0.98318,             0.69026,            0.015655,           0.0062487,           0.0020553,           0.0097574,           0.0097574,           0.0097574
                  65,            0.023201,           0.0090031,           0.0060172,             0.95408,             0.96816,             0.97442,             0.68249,            0.016067,           0.0062996,           0.0024349,           0.0097497,           0.0097497,           0.0097497
                  66,            0.023312,           0.0089431,            0.006336,             0.97883,             0.94921,             0.98456,             0.70317,             0.01599,           0.0063595,           0.0019299,           0.0097419,           0.0097419,           0.0097419
                  67,            0.023111,           0.0089297,           0.0068202,             0.95462,             0.96094,             0.97619,             0.70169,            0.015456,           0.0061375,           0.0024792,            0.009734,            0.009734,            0.009734
                  68,            0.023372,           0.0089253,           0.0066686,             0.97374,             0.95309,             0.98099,             0.69792,            0.015564,           0.0062017,           0.0023748,           0.0097259,           0.0097259,           0.0097259
                  69,            0.023079,           0.0089935,           0.0056567,             0.98487,             0.96666,             0.98727,             0.71035,            0.015572,           0.0061506,           0.0015154,           0.0097178,           0.0097178,           0.0097178
                  70,            0.023476,            0.008853,           0.0057788,             0.96625,             0.97224,             0.97988,             0.69347,            0.015782,           0.0061077,           0.0018676,           0.0097095,           0.0097095,           0.0097095
                  71,            0.023151,           0.0087826,            0.005233,             0.98824,             0.93909,             0.98459,              0.6866,            0.015832,           0.0063206,           0.0024489,           0.0097011,           0.0097011,           0.0097011
                  72,            0.022457,           0.0088275,           0.0065691,             0.96678,             0.97608,              0.9817,             0.70197,            0.015568,           0.0061789,            0.001997,           0.0096926,           0.0096926,           0.0096926
                  73,            0.022902,           0.0089301,           0.0059092,             0.94288,             0.98334,             0.98202,             0.70554,            0.015144,           0.0061108,           0.0018805,            0.009684,            0.009684,            0.009684
                  74,            0.022826,             0.00894,           0.0056103,             0.97369,             0.96502,             0.98717,             0.71522,            0.015291,            0.006124,           0.0017235,           0.0096753,           0.0096753,           0.0096753
                  75,             0.02364,           0.0090415,           0.0059729,             0.93163,             0.98055,              0.9822,             0.69883,            0.015465,           0.0061656,           0.0024413,           0.0096664,           0.0096664,           0.0096664
                  76,            0.022482,           0.0089117,           0.0052804,             0.95323,             0.96253,             0.97871,             0.68744,            0.015801,           0.0062594,           0.0023623,           0.0096575,           0.0096575,           0.0096575
                  77,            0.022479,           0.0087871,           0.0065259,              0.9421,             0.98994,             0.98527,             0.72025,            0.015076,           0.0060838,           0.0019334,           0.0096484,           0.0096484,           0.0096484
                  78,            0.022547,           0.0087586,            0.005722,             0.95157,             0.98049,             0.98209,             0.70789,            0.015211,           0.0061559,           0.0019314,           0.0096392,           0.0096392,           0.0096392
                  79,            0.022164,           0.0087085,           0.0053548,             0.99286,             0.95722,             0.98859,             0.71879,            0.014738,           0.0060286,            0.001577,           0.0096299,           0.0096299,           0.0096299
                  80,            0.022544,           0.0089022,           0.0052403,             0.98884,             0.95286,             0.98731,             0.70347,            0.015189,           0.0061605,           0.0018925,           0.0096205,           0.0096205,           0.0096205
                  81,            0.022746,           0.0086725,           0.0051826,             0.96049,             0.97742,             0.98479,              0.7117,            0.015073,           0.0060591,           0.0018346,            0.009611,            0.009611,            0.009611
                  82,            0.022558,           0.0087007,            0.006492,             0.93363,             0.99675,             0.98058,             0.71537,            0.014778,           0.0060436,           0.0026032,           0.0096013,           0.0096013,           0.0096013
                  83,            0.022715,           0.0091439,           0.0064264,             0.97676,             0.96456,             0.98299,             0.71513,            0.014794,           0.0061561,            0.001946,           0.0095916,           0.0095916,           0.0095916
                  84,            0.022677,            0.008714,           0.0057192,             0.95907,             0.97104,             0.98086,             0.71359,            0.015142,           0.0060613,           0.0021685,           0.0095817,           0.0095817,           0.0095817
                  85,            0.022223,           0.0086741,           0.0055126,             0.95459,             0.97947,             0.98521,             0.70764,            0.014747,           0.0060542,           0.0019766,           0.0095717,           0.0095717,           0.0095717
                  86,            0.022274,           0.0085457,           0.0057104,             0.97611,             0.94744,             0.98568,             0.72295,            0.014815,           0.0060522,           0.0018345,           0.0095616,           0.0095616,           0.0095616
                  87,            0.021825,            0.008696,             0.00578,             0.95143,             0.97466,             0.97885,             0.71309,            0.014552,           0.0060305,           0.0019328,           0.0095514,           0.0095514,           0.0095514
                  88,            0.022099,           0.0087057,           0.0054228,             0.96254,             0.99058,             0.98816,             0.71981,            0.014355,           0.0060188,           0.0015881,           0.0095411,           0.0095411,           0.0095411
                  89,            0.022303,           0.0086415,           0.0057668,             0.97441,             0.98165,             0.98972,             0.72171,            0.014847,           0.0062344,           0.0017951,           0.0095307,           0.0095307,           0.0095307
                  90,            0.022258,           0.0088176,           0.0055541,             0.93221,             0.97775,              0.9816,             0.71726,            0.014854,           0.0059952,           0.0022047,           0.0095202,           0.0095202,           0.0095202
                  91,            0.021824,           0.0088241,           0.0052158,             0.94514,             0.95981,             0.97708,             0.71031,            0.014952,           0.0059523,           0.0025827,           0.0095095,           0.0095095,           0.0095095
                  92,            0.021615,           0.0088167,            0.004797,             0.97402,             0.96097,             0.98237,             0.71774,             0.01513,           0.0060895,           0.0018509,           0.0094988,           0.0094988,           0.0094988
                  93,            0.021891,           0.0087316,           0.0058538,             0.96043,              0.9842,             0.98557,             0.71994,            0.014899,           0.0059996,           0.0015825,           0.0094879,           0.0094879,           0.0094879
                  94,            0.021753,           0.0083382,           0.0050066,             0.96567,             0.98062,             0.98842,             0.72642,            0.014914,            0.005967,           0.0015932,           0.0094769,           0.0094769,           0.0094769
                  95,            0.022105,           0.0084271,           0.0047151,             0.97799,             0.95155,             0.98663,             0.72642,            0.014201,           0.0058979,           0.0019158,           0.0094659,           0.0094659,           0.0094659
                  96,            0.021656,            0.008638,           0.0056013,             0.97284,             0.98202,             0.98702,             0.73891,            0.014353,           0.0058889,            0.001581,           0.0094547,           0.0094547,           0.0094547
                  97,            0.021877,           0.0086112,            0.005441,             0.97886,             0.97025,             0.98941,             0.73387,            0.014475,            0.005961,           0.0016654,           0.0094434,           0.0094434,           0.0094434
                  98,            0.021749,           0.0086202,           0.0060753,             0.98057,             0.97173,             0.98948,             0.72827,            0.014804,           0.0060628,           0.0015353,            0.009432,            0.009432,            0.009432
                  99,            0.021872,           0.0088546,           0.0050443,              0.9561,              0.9821,             0.98882,              0.7255,            0.014901,           0.0059534,           0.0017224,           0.0094205,           0.0094205,           0.0094205
                 100,            0.021578,           0.0084709,           0.0051667,             0.96106,             0.97674,             0.98707,             0.72238,            0.014443,           0.0059759,            0.001636,           0.0094088,           0.0094088,           0.0094088
                 101,            0.021722,           0.0087101,           0.0052689,             0.98829,             0.94942,             0.98828,             0.71028,             0.01481,           0.0059711,           0.0016891,           0.0093971,           0.0093971,           0.0093971
                 102,            0.021453,            0.008713,           0.0049967,             0.97552,             0.95482,             0.98618,             0.72505,            0.014439,           0.0059427,           0.0017792,           0.0093853,           0.0093853,           0.0093853
                 103,            0.021707,           0.0086618,           0.0050786,             0.97352,             0.97994,             0.98861,             0.73839,             0.01425,           0.0059056,           0.0015671,           0.0093733,           0.0093733,           0.0093733
                 104,            0.021614,             0.00845,            0.005505,             0.97119,             0.97517,             0.98826,             0.73088,            0.014052,            0.005895,           0.0016688,           0.0093613,           0.0093613,           0.0093613
                 105,            0.021177,           0.0085133,           0.0050685,             0.95356,             0.97759,             0.98733,             0.72195,            0.013994,           0.0059515,           0.0017462,           0.0093491,           0.0093491,           0.0093491
                 106,            0.021401,           0.0083942,           0.0054408,             0.98304,             0.95814,             0.98623,             0.73835,            0.014391,           0.0058501,           0.0019472,           0.0093369,           0.0093369,           0.0093369
                 107,            0.021431,           0.0087815,           0.0052141,             0.95682,             0.97429,             0.98532,             0.72161,            0.014291,           0.0059379,           0.0019716,           0.0093245,           0.0093245,           0.0093245
                 108,            0.021137,            0.008429,           0.0047804,             0.98543,             0.94286,             0.98782,              0.7293,            0.014437,           0.0059871,           0.0016673,            0.009312,            0.009312,            0.009312
                 109,            0.021229,            0.008521,            0.005378,             0.97233,             0.98162,             0.98962,              0.7328,            0.014202,           0.0059413,           0.0013453,           0.0092995,           0.0092995,           0.0092995
                 110,            0.021206,           0.0083634,           0.0058429,             0.96774,             0.96912,             0.98563,             0.72753,            0.014294,           0.0059118,           0.0018983,           0.0092868,           0.0092868,           0.0092868
                 111,            0.021804,           0.0085558,           0.0055827,             0.95258,             0.98059,             0.98636,             0.72105,            0.014583,           0.0059488,           0.0018261,            0.009274,            0.009274,            0.009274
                 112,            0.021714,           0.0084358,           0.0055264,             0.97674,             0.93437,             0.98067,              0.7271,            0.013894,           0.0057853,           0.0022072,           0.0092611,           0.0092611,           0.0092611
                 113,            0.021573,           0.0084676,           0.0048763,              0.9775,             0.97272,             0.98884,             0.72967,            0.014167,           0.0059354,           0.0018629,           0.0092481,           0.0092481,           0.0092481
                 114,            0.021332,           0.0086316,           0.0046184,             0.97515,             0.93101,             0.97942,              0.7292,            0.014124,           0.0058485,           0.0024377,           0.0092351,           0.0092351,           0.0092351
                 115,            0.021277,           0.0086758,           0.0050732,             0.97691,              0.9688,             0.98938,              0.7245,            0.014636,           0.0060126,           0.0015175,           0.0092219,           0.0092219,           0.0092219
                 116,            0.020746,           0.0083646,           0.0046505,             0.96816,             0.98967,             0.98801,             0.73435,            0.013828,           0.0058384,           0.0013634,           0.0092086,           0.0092086,           0.0092086
                 117,              0.0214,           0.0085565,           0.0049705,             0.96987,             0.97092,             0.98416,             0.72539,            0.014365,           0.0059723,           0.0017327,           0.0091952,           0.0091952,           0.0091952
                 118,            0.021451,           0.0085931,           0.0045256,             0.95237,             0.99282,             0.98978,              0.7383,            0.014189,           0.0058374,           0.0013535,           0.0091817,           0.0091817,           0.0091817
                 119,            0.021254,           0.0085456,           0.0051036,             0.97441,              0.9789,              0.9908,             0.73505,            0.013904,           0.0058494,           0.0014438,           0.0091681,           0.0091681,           0.0091681
                 120,             0.02167,            0.008311,           0.0059431,             0.94874,             0.98059,             0.98704,             0.73983,            0.014124,           0.0058628,           0.0022363,           0.0091544,           0.0091544,           0.0091544
                 121,            0.021565,           0.0085966,           0.0050474,              0.9493,              0.9756,             0.98299,              0.7308,            0.014042,           0.0058457,             0.00213,           0.0091406,           0.0091406,           0.0091406
                 122,             0.02085,           0.0084394,           0.0045798,             0.97823,             0.96304,              0.9897,             0.73286,            0.014217,           0.0059026,           0.0016608,           0.0091267,           0.0091267,           0.0091267
                 123,            0.021154,           0.0086181,           0.0055355,             0.98351,             0.98149,             0.99224,             0.74124,            0.014112,           0.0058593,           0.0011815,           0.0091127,           0.0091127,           0.0091127
                 124,            0.021335,           0.0084715,           0.0050394,             0.97581,             0.97594,             0.99028,             0.73326,            0.014027,           0.0058297,           0.0014769,           0.0090986,           0.0090986,           0.0090986
                 125,            0.021327,           0.0080829,           0.0047458,             0.99563,               0.944,             0.98621,             0.74237,            0.013802,           0.0057894,            0.001673,           0.0090844,           0.0090844,           0.0090844
                 126,             0.02062,           0.0083469,           0.0045711,             0.96439,             0.98059,             0.98337,             0.72351,            0.014402,           0.0059035,           0.0016884,           0.0090701,           0.0090701,           0.0090701
                 127,            0.020872,           0.0083759,           0.0045628,             0.98561,             0.94194,             0.98506,             0.72889,            0.014041,           0.0058787,           0.0018534,           0.0090557,           0.0090557,           0.0090557
                 128,             0.02066,           0.0083902,           0.0048447,              0.9434,             0.97377,             0.97815,             0.72726,            0.014054,           0.0057922,           0.0023845,           0.0090412,           0.0090412,           0.0090412
                 129,            0.020687,           0.0083139,           0.0055391,             0.96123,             0.98412,             0.98576,              0.7222,            0.014397,           0.0057879,           0.0020101,           0.0090266,           0.0090266,           0.0090266
                 130,            0.020784,           0.0084194,           0.0048559,             0.97691,             0.96177,             0.98499,             0.72812,            0.014093,           0.0058562,           0.0019378,           0.0090119,           0.0090119,           0.0090119
                 131,            0.020603,           0.0082372,           0.0052256,             0.95333,             0.98336,             0.98489,             0.73493,            0.014251,            0.005896,           0.0018066,           0.0089972,           0.0089972,           0.0089972
                 132,            0.020532,           0.0082314,           0.0049498,             0.96512,                0.96,             0.97777,             0.72606,            0.014196,           0.0058344,           0.0022336,           0.0089823,           0.0089823,           0.0089823
                 133,             0.02062,           0.0083919,           0.0049071,             0.96072,             0.97097,             0.98499,             0.73953,            0.014225,            0.005776,           0.0018219,           0.0089673,           0.0089673,           0.0089673
                 134,            0.020723,           0.0083631,           0.0043255,             0.94668,             0.97345,             0.98149,             0.72728,            0.014367,           0.0059592,           0.0020705,           0.0089522,           0.0089522,           0.0089522
                 135,            0.021037,           0.0083731,           0.0044631,             0.95415,             0.97936,             0.98265,              0.7332,            0.013791,           0.0058023,           0.0017458,           0.0089371,           0.0089371,           0.0089371
                 136,            0.020563,            0.008317,           0.0048732,             0.95842,             0.95722,             0.97944,             0.73024,            0.013924,           0.0058175,           0.0020266,           0.0089218,           0.0089218,           0.0089218
                 137,            0.020685,           0.0082683,           0.0047591,             0.97537,              0.9495,             0.97915,             0.72392,            0.014094,           0.0058882,           0.0019676,           0.0089065,           0.0089065,           0.0089065
                 138,             0.02042,           0.0084477,           0.0047994,             0.95323,             0.98833,             0.98789,             0.74779,            0.014069,           0.0057669,           0.0015975,            0.008891,            0.008891,            0.008891
                 139,            0.020703,           0.0083276,            0.003883,             0.98394,             0.96772,              0.9887,             0.73887,            0.014058,           0.0058029,            0.001526,           0.0088755,           0.0088755,           0.0088755
                 140,            0.020185,           0.0082951,            0.005182,             0.98224,             0.95792,             0.98495,             0.73832,            0.013772,           0.0058023,           0.0018033,           0.0088599,           0.0088599,           0.0088599
                 141,            0.020233,           0.0081003,            0.004072,             0.95692,             0.97779,             0.98247,             0.73316,            0.013811,           0.0057344,           0.0019531,           0.0088442,           0.0088442,           0.0088442
                 142,            0.020382,           0.0082448,           0.0045432,             0.95218,             0.97464,             0.97663,             0.72327,            0.014066,           0.0058711,           0.0019672,           0.0088283,           0.0088283,           0.0088283
                 143,            0.020666,           0.0084499,           0.0047068,             0.95902,             0.98407,              0.9826,             0.73088,            0.013859,           0.0058007,           0.0020221,           0.0088124,           0.0088124,           0.0088124
                 144,             0.02027,           0.0085208,           0.0042649,              0.9688,             0.96645,             0.98519,             0.73562,            0.013993,           0.0057859,            0.001675,           0.0087964,           0.0087964,           0.0087964
                 145,            0.020434,           0.0081193,           0.0050623,              0.9392,              0.9867,             0.98317,             0.73159,            0.014083,            0.005764,           0.0020486,           0.0087804,           0.0087804,           0.0087804
                 146,            0.020074,           0.0082827,           0.0042361,             0.99422,             0.94901,             0.98868,             0.74107,              0.0138,           0.0058058,           0.0014363,           0.0087642,           0.0087642,           0.0087642
                 147,             0.02008,           0.0081975,           0.0044595,             0.96867,             0.97547,             0.98928,             0.72364,            0.014331,           0.0057906,           0.0014832,           0.0087479,           0.0087479,           0.0087479
                 148,             0.02055,           0.0083637,           0.0048362,             0.98256,             0.94495,             0.98372,             0.72602,            0.013883,           0.0058262,           0.0019533,           0.0087316,           0.0087316,           0.0087316
                 149,            0.020565,           0.0082611,           0.0048128,             0.97602,             0.94746,             0.98148,             0.73377,            0.014119,           0.0058118,            0.002097,           0.0087151,           0.0087151,           0.0087151
                 150,             0.02075,           0.0082994,           0.0043111,             0.94139,             0.99126,             0.98613,             0.74457,            0.014056,           0.0057703,           0.0018619,           0.0086986,           0.0086986,           0.0086986
                 151,            0.020887,           0.0081823,           0.0049345,             0.97911,             0.96307,             0.98499,             0.74747,            0.013822,           0.0056669,           0.0016573,            0.008682,            0.008682,            0.008682
                 152,            0.020838,           0.0082949,           0.0052112,             0.95098,             0.98756,             0.98387,             0.73812,            0.013693,            0.005707,           0.0018972,           0.0086653,           0.0086653,           0.0086653
                 153,            0.020261,           0.0082487,           0.0044432,             0.96019,             0.98202,             0.98308,             0.73716,            0.013584,            0.005654,           0.0017838,           0.0086485,           0.0086485,           0.0086485
                 154,             0.02035,           0.0083079,           0.0047594,             0.96628,             0.96035,               0.985,             0.73887,            0.013746,           0.0056634,           0.0017034,           0.0086316,           0.0086316,           0.0086316
                 155,            0.020102,           0.0081211,           0.0046802,             0.97662,             0.97614,             0.98348,             0.73819,            0.013474,            0.005674,           0.0015702,           0.0086146,           0.0086146,           0.0086146
                 156,            0.020209,           0.0082516,            0.004002,             0.95663,             0.98581,             0.98646,             0.74135,            0.013686,           0.0056904,           0.0015745,           0.0085976,           0.0085976,           0.0085976
                 157,            0.019967,           0.0083174,           0.0041642,             0.95005,             0.98334,             0.98652,             0.72841,            0.013897,           0.0057186,           0.0016605,           0.0085805,           0.0085805,           0.0085805
                 158,            0.020115,           0.0082563,           0.0043113,             0.95776,             0.97587,             0.98778,             0.75102,            0.013735,           0.0057606,           0.0015403,           0.0085632,           0.0085632,           0.0085632
                 159,            0.020079,           0.0081297,           0.0041903,             0.97766,             0.96654,             0.98483,             0.74563,            0.013458,           0.0056965,           0.0017425,           0.0085459,           0.0085459,           0.0085459
                 160,            0.020028,           0.0080757,           0.0046035,             0.98214,             0.95944,             0.98424,             0.74791,            0.013405,            0.005658,           0.0016865,           0.0085286,           0.0085286,           0.0085286
                 161,            0.020445,           0.0084561,            0.004292,             0.97114,             0.97029,             0.98667,             0.75193,            0.013571,           0.0056986,           0.0016167,           0.0085111,           0.0085111,           0.0085111
                 162,             0.02009,            0.008252,           0.0039909,             0.97395,             0.98615,             0.99021,             0.74373,            0.013441,           0.0056532,           0.0013255,           0.0084935,           0.0084935,           0.0084935
                 163,            0.019864,           0.0082623,           0.0045904,             0.98029,             0.96385,             0.98427,             0.74296,             0.01354,           0.0057289,           0.0017428,           0.0084759,           0.0084759,           0.0084759
                 164,             0.02022,           0.0081265,             0.00421,              0.9776,             0.96688,             0.98482,              0.7454,             0.01359,           0.0056782,           0.0016137,           0.0084582,           0.0084582,           0.0084582
                 165,            0.020119,           0.0080667,           0.0044719,             0.96666,             0.97765,             0.98315,             0.75562,            0.013416,           0.0056274,           0.0016369,           0.0084404,           0.0084404,           0.0084404
                 166,            0.019566,           0.0081801,           0.0038413,             0.94466,             0.98165,             0.97925,             0.74268,            0.013739,           0.0057196,           0.0020046,           0.0084225,           0.0084225,           0.0084225
                 167,            0.019727,           0.0082717,           0.0041327,             0.97113,             0.95153,             0.97913,               0.749,            0.013559,           0.0056464,           0.0020677,           0.0084046,           0.0084046,           0.0084046
                 168,            0.019609,           0.0081193,           0.0038999,             0.94954,             0.97518,             0.97302,             0.74077,            0.013406,           0.0056326,           0.0023271,           0.0083865,           0.0083865,           0.0083865
                 169,            0.020141,           0.0083318,           0.0047706,             0.96507,              0.9728,              0.9791,             0.74019,            0.013422,            0.005724,           0.0019911,           0.0083684,           0.0083684,           0.0083684
                 170,            0.020049,           0.0082663,           0.0043651,              0.9697,             0.97616,             0.98685,             0.74722,            0.013484,           0.0057598,           0.0014988,           0.0083502,           0.0083502,           0.0083502
                 171,            0.020147,           0.0081666,           0.0041574,             0.95193,             0.98782,             0.98583,             0.74474,            0.013676,            0.005766,           0.0017975,           0.0083319,           0.0083319,           0.0083319
                 172,             0.01994,           0.0082478,           0.0043429,             0.95851,             0.98487,             0.98761,              0.7411,            0.014047,           0.0058738,           0.0015241,           0.0083136,           0.0083136,           0.0083136
                 173,            0.019907,           0.0082875,           0.0034918,             0.97301,             0.98302,             0.98847,             0.73955,            0.014095,           0.0058407,           0.0014564,           0.0082952,           0.0082952,           0.0082952
